{"count":1,"gauges":{},"self":0.0940811,"total":0.095081699999999991,"children":null}